	,m,f,t,i,z,i
	,v,2,l,i,n,e
	,p,a,r,s,a,s,h,o,n,a,m
	,n,e,t,_,p,r,i,v,a,t,e
	,n,e,w,t,o,p,v,2,r,a,y
	,p,o,v,2,r,a,y
	,d,e,f,e,n,y,x,_,v,p,n
	,m,o,l,o,v,p,n
	,v,2,r,a,y,n,g,_,o,u,t,l,i,n,e,e
	,v,p,n,c,l,o,p
	,h,o,o,s,h,a,n,g,_,v,p,n,1
	,v,p,n,_,a,r,t,a
	,c,a,p,i,t,a,l,_,n,e,t
	,m,a,t,e,r,_,1,3,4,5
	,s,h,o,p,i,n,g,v,2,r,a,y
	,f,e,r,i,_,v,2,r,a,y,_,p,r,o,x,y
	,v,2,r,a,y,_,f,o,r,_,f,r,e,e
	,h,e,i,n,u,h,o,m,e
	,c,n,f,g,_,v,2,r,a,y
	,f,r,e,e,v,l,e,s,s,v,p,n
	,f,r,e,e,_,p,r,o,x,y,_,0,0,1
	,a,w,l,i,x,_,v,2,r,a,y
	,d,e,a,m,n,e,t,_,p,r,o,x,y
	,v,p,n,t,u,o,r
	,v,p,n,_,b,a,l,0,u,c,h
	,v,2,r,a,y,n,g,v,p,n,i
	,o,r,b,_,m,c,i
	,a,f,c,_,v,p,n
	,h,e,l,l,o,w,o,r,l,d,_,1,0,2,4
	,v,2,r,a,y,y,n,g,v,p,n
	,v,2,r,a,y,e,a,7
	,i,r,a,n,b,f,i,l,t,e,r
	,m,r,v,p,n,1,4,0,3
	,v,2,r,a,y,n,g,f,r,e,e,3
	,o,r,b,_,c,o,n,f,i,g
	,f,r,e,e,_,w,o,r,l,l,d
	,d,a,o,r,z,a,d,a,n,n,e,t
	,f,r,e,e,f,i,r,e,n,e,w,s,0,1
	,v,p,n,a,i,d,e,n
	,v,2,r,a,y,_,i,p,1
	,v,2,r,a,y,a,n,g,2,0,1
	,t,a,l,e,n,t,v,p,n
	,g,u,a,r,d,l,y,v,p,n
	,a,w,l,i,x,_,i,r
	,i,r,a,n,i,a,n,_,p,r,o,x,y,_,v,p,n
	,v,2,r,a,y,_,t,y
	,v,p,n,s,_,i,r
	,d,a,r,k,t,e,a,m,_,v,p,n
	,p,r,o,x,y,_,k,a,f,e,e
	,v,p,n,g,a,t,e,_,c,o,n,f,i,g
	,a,l,f,r,e,d,_,c,o,n,f,i,g
	,i,p,_,c,f
	,v,p,n,a,f,r,a
	,p,r,r,o,x,y,n,g
	,v,p,n,_,g,o,l,d,_,f,r,e,e,_,1
	,d,e,n,a,c,o,n,f,i,g
	,v,2,r,a,y,n,g,n,e,t
	,a,m,p,_,v,p,n,_,p,r,o,x,y
	,i,r,a,n,a,r,g,o
	,s,a,f,e,n,e,t,i,r
	,w,o,r,l,d,_,v,m,e,s,s
	,o,n,h,i,t,_,e,h,i
	,m,y,_,d,n,s,_,v,2,r,a,y
	,p,e,r,s,i,a,n,v,2,r,a,y,n,g,_,1
	,v,p,n,c,o,s,t,u,m,e
	,a,v,a,s,h,_,v,2,r,a,y,n,g,g
	,m,_,b,u,y
	,v,p,n,_,3,1,5
	,n,p,v,t,u,n,n,e,l,l
	,q,v,2,r,a,y,c,h,a,n,n,e,l
	,w,a,n,c,l,o,u,d,f,a
	,n,o,b,_,c,y,b,e,r
	,m,y,v,p,n,9,8
	,t,h,e,h,o,t,v,p,n
	,v,2,r,a,z
	,t,r,w,n,e,t
	,a,n,o,n,_,v,_,p,_,n
	,v,2,r,a,y,n,g,c,o,n,f,i,i,g
	,y,a,r,i,t,o,v,p,n
	,v,p,n,_,x,w
	,v,2,b,a,m,d,a,d
	,v,p,2,2,r,a,y
	,m,t,p,v,2,r,a,y
	,e,l,o,n,_,v,p,n
	,g,e,2,r,a,y
	,v,2,r,a,y,_,f,r,e,e,_,c,o,n,f
	,i,r,a,n,p,r,o,x,y
	,n,a,p,s,t,e,r,n,e,t,v,_,c,o,n,f,i,g
	,f,o,x,_,v,p,n,6,6
	,v,i,p,_,t,u,n,e,l
	,p,i,n,g,_,l,i,v,e
	,s,e,y,y,e,d,m,l
	,v,2,r,a,y,_,n,a,p,s,t,e,r,_,v,p,n
	,v,2,r,a,y,n,g,0,0,5,1
	,v,p,n,_,l,u,x,u,r,y
	,m,a,h,s,a,a,m,o,o,n,1
	,v,p,n,m,a,s,i
	,v,p,n,c,o,s,t,u,m,e,r
	,v,i,p,_,m,o,d,_,c,h,a,n,e,l
	,v,2,r,a,y,_,f,r,e,e,d,o,m,i,r,a,n
	,v,2,r,a,y,_,i,r,a,n,8,8
	,p,i,n,_,p,r,o,x,y
	,v,2,r,a,y,n,g,_,f,a,s,t
	,v,2,r,a,y,n,g,_,n,v,_,2
	,v,2,r,a,y,z,s
	,v,2,r,a,y,_,d,r,a,g,o,n
	,s,i,f,r,d,v,p,n
	,v,p,n,_,4,4,2
	,e,v,a,y,_,v,p,n
	,s,u,r,f,b,o,a,r,d,v,2,r,a,y
	,m,e,h,r,a,d,l,e,a,r,n
	,x,_,h,e,r,0
	,v,i,p,v,p,n,_,v,2,r,a,y
	,s,h,a,d,o,w,s,o,c,k,s,s,h,o,p
	,v,2,r,a,y,n,g,r,r,1,3
	,v,2,r,a,y,n,g,_,m,a,t,s,u,r,i
	,v,p,n,v,2,r,a,y,n,g,9,0
	,n,t,c,o,n,f,i,g
	,v,p,n,_,s,t,o,r,m
	,g,h,a,l,a,g,y,a,n,n,2
	,m,o,b,s,e,c
	,v,p,n,s,s,h,o,c,e,a,n
	,s,o,u,q,u,n,8,8,1,7
	,v,p,n,d,o,k,i
	,c,o,n,f,i,g,f,o,r,v,p,n,0,1
	,v,p,n,k,a,n,f,i,k
	,a,r,g,o,_,v,p,n,1
	,a,r,g,o,t,a,z
	,c,r,o,w,n,v,2,r,a,y
	,f,r,e,e,_,n,e,t,t,m
	,l,i,q,_,v,p,n
	,n,a,p,s,t,e,r,n,e,t,v,i
	,v,2,r,a,y,f,r
	,g,o,o,d,_,v,2,r,a,y,y
	,d,a,r,k,7,n,e,t,w,o,r,k
	,x,v,p,n,p,r,o
	,n,e,w,_,m,t,p,r,o,x,i
	,v,2,r,a,y,_,o,n,l,i
	,s,e,r,v,e,r,0,1,0,1,2
	,v,m,e,s,s,r,a,y,g,a,n
	,v,p,n,_,v,2,r,a,y,n,g,_,i,r,a,n
	,i,p,v,2,r,a,y
	,a,l,i,e,n,v,p,n,4,0,2
	,e,x,o,g,a,m,e,r,s
	,m,o,f,t,i,n,e,t
	,v,2,r,a,y,_,f,a,r,k
	,v,2,r,a,y,n,g,n
	,s,o,b,i,_,v,p,n
	,v,2,r,a,y,1,_,n,g
	,y,t,t,e,3,l,a
	,l,i,g,h,t,n,i,n,g,6
	,n,e,t,a,z,a,d,c,h,a,n,n,e,l
	,b,e,t,a,_,v,2,r,a,y
	,i,p,v,2,r,a,y,n,g
	,v,2,r,a,y,o,p,e,n
	,v,p,n,_,p,r,o,x,y,6,6
	,v,2,r,a,y,n,g,_,2,5
	,v,p,n,f,r,e,e
	,v,p,n,_,i,o,s,s
	,a,n,t,i,m,e,l,i
	,p,a,k,4,y,o,u
	,v,2,r,a,y,v,p,n,b,e,s,t
	,m,t,p,r,o,t,o,_,d,x
	,i,r,a,n,2,v,i,p
	,w,o,r,l,d,_,p,i,n,g
	,z,e,d,_,v,p,n
	,m,s,o,_,6,6,6,_,b,a,z
	,i,s,e,g,a,r,o
	,n,a,p,s,t,e,r,n,e,t,v,a,p,p
	,o,o,g,n,e,t
	,v,2,r,a,y,n,g,_,o,r,g
	,v,p,n,h,t,t,p,i,n,j,e,c,t,o,r,f,r,e,e
	,c,u,s,t,o,m,v,2,r,a,y
	,h,a,t,u,n,n,e,l,_,v,p,n
	,g,l,y,s,i,t
	,p,r,o,x,y,_,c,o,n,f,i,i,n,g,i,r
	,i,p,h,o,n,e,b,a,x
	,v,2,r,a,y,1,6
	,m,e,t,r,o,v,p
	,i,r,x,r,a,y
	,o,r,b,_,r,i,g,h,t,e,l
	,v,i,p,v,2,r,a
	,n,e,t,g,u,a,r,d,i,a,n,s
	,m,t,p,r,o,x,y,m,o
	,v,p,n,t,w,i,t,t
	,v,p,n,_,t,n,t,n,e,t,w,o,r,k,_,c,h
	,a,b,i,i,d,a,r,_,s,e,r,v,e,r
	,v,p,n,p,a,c,k,e,t
	,a,t,v,p,n,2
	,e,l,i,t,e,v,p,n,v,2
	,v,2,r,a,y,s,f,r,e,e
	,d,a,i,l,y,v,2,r,y
	,e,x,p,r,e,s,s,v,p,n,_,4,2,0
	,f,n,e,t,0,0
	,v,2,r,a,y,n,g,u,p,p
	,a,p,p,l,e,_,x,1
	,v,2,z,o,r,o
	,d,e,r,a,k,h,s,h,i,_,m,a,h,s,a
	,w,o,m,a,n,l,i,f,e,f,r,e,e,d,o,m,v,p,n
	,q,a,n,d,_,s,h,e,c,a,n
	,a,z,a,d,i,_,a,z,_,i,n,j,a,_,m,i,g,z,a,r,e
	,c,h,a,t,b,u,z,z,t,e,a,m
	,p,r,i,v,a,t,e,_,a,c,c,e,s,s,_,g,u,a,r,d,_,v,p,n
	,v,2,r,a,y,n,g,v,p,n
	,c,o,n,f,i,n,g,_,p,r,o,b,l,e,m,s
	,i,r,a,n,b,a,x,v,p,n
	,v,2,r,a,y,6,0
	,m,o,e,i,n,_,i,n,s,t,a
	,v,a,i,k,i,n,g,_,v,p,n
	,v,p,n,_,g,a,m,i,n,g
	,v,2,r,a,y,n,g,_,v,p,n,r,o,g
	,v,p,n,i,r,2,0,2,0
	,h,a,j,v,p,n
	,v,2,r,a,y,n,g,m,a,t
	,v,2,r,a,y,2,6
	,m,a,r,a,m,b,a,s,h,i
	,h,o,s,s,e,i,n,s,t,o,r,e,_,z,a
	,c,l,u,b,v,p,n,4,4,3
	,a,c,a,d,e,m,i,_,v,p,n
	,n,e,t,w,o,r,k,_,4,4,2
	,g,a,n,g,s,t,e,r,_,v,p,n
	,v,p,n,_,o,c,e,a,n
	,c,o,v,2,r,a,y
	,v,p,n,w,o,r,l,d,o,n,e
	,a,n,i,x,_,v,2,r,a,y
	,m,e,g,a,v,p,n,2,3
	,v,p,n,p,l,u,s,1,0,0
	,v,2,k,i,n,g,c,o,n,f,i,g
	,w,e,b,r,o,v,e,r,s
	,v,2,r,a,y,_,o,u,t,l,i,n,e,i,r
	,d,a,l,i,_,v,p,n,_,s,h,o,p
	,u,n,l,i,m,i,t,e,d,d,e,v
	,v,p,n,_,s,h,i,e,l,d
	,b,i,g,s,m,o,k,e,_,c,o,n,f,i,g
	,m,i,t,r,o,_,v,p,n
	,v,m,e,s,s,q
	,p,h,y,s,i,c,s,m,o,d,e,r,n
	,p,r,o,x,y,_,s,p,e,e,d
	,f,i,l,t,e,r,5,0,5,0
	,v,2,r,a,y,t,g
	,s,e,r,v,e,r,n,e,t,t
	,i,t,3,e,v,e,n
	,a,p,p,s,o,o,n,e,r
	,n,x,_,v,2,r,a,y
	,c,o,o,p,e,r,j,o,n
	,v,2,r,a,y,_,n
	,e,x,o,p,i,n,g
	,f,r,e,e,n,a,p,s,t,e,r,n,e,t,v
	,o,t,b,v,p,n
	,b,o,r,e,d,_,v,p,n
	,f,o,r,e,x,v,p,n,_,p,a,c,k,a,g,e
	,r,e,c,n,e,w
	,s,o,c,k,s,h,t,t,p,_,v,p,n
	,b,e,s,t,v,p,n,i,r,r
	,v,2,r,a,y,a,z
	,f,r,e,e,a,c,p,r
	,v,2,f,r,e,e,v,p,n
	,x,n,x,v,2,r,a,y
	,o,v,p,n,2
	,v,p,n,_,t,e,h,r,a,n
	,v,2,r,a,y,f,r,e,e,1
	,v,2,r,a,y,a,r,g,o,n
	,k,i,v,i,_,v,p,n
	,v,2,r,a,y,n,g,_,b,i,t
	,p,r,i,v,a,t,e,v,p,n,s
	,v,2,r,o,y,n,s
	,i,s,k,o,v,p,n
	,i,r,n,v,2,r,a,y
	,m,e,l,l,i,i,_,v,p,n
	,x,y,z,q,u,a,n,t,v,p,n
	,v,2,r,a,y,n,g,1,2,0,2,3
	,c,h,a,t,b,u,z,z,p,r,o,x,y
	,f,a,z,e,v,p,n
	,b,y,p,a,a,s
	,s,p,e,d,_,v,2,r,a,y
	,m,k,n,_,v,p,n
	,k,i,n,g,o,f,v,2,r,a,y
	,c,h,a,r,i,s,m,a,t,i,c,s,_,c,h,a,n,n,e,l
	,c,o,n,f,i,g,v,2,r,a,y,n,g
	,c,h,_,a,2,l
	,v,2,p,a,r,s,i,n
	,v,2,r,a,y,a,n
	,v,2,r,a,y,b,e,s,t,v,p,n
	,l,a,g,v,p,n,1,3
	,a,i,f,e,n,x,i,a,n,g,2,0,2,0
	,k,i,a,v,a
	,h,o,p,e,v,2,r,a,y
	,q,r,v,2,r,a,y
	,s,e,z,a,r,_,s,e,c
	,v,2,r,a,y,v,p,n,2
	,v,p,n,_,4,4,3
	,o,u,t,l,i,n,e,i
	,m,k,k,i,n,g,2,1
	,n,s,v,2,r,a,y
	,m,e,l,i,_,v,2,r,a,y,n,g
	,a,z,a,d,_,i,n,t,r,n,e,t
	,a,l,p,h,a,_,o,m,e,g,a,_,v,p,n
	,v,2,r,a,y,3,1
	,v,2,s,h,o,p,v,i,p
	,c,o,n,f,i,g,f,o,r,v,p,n
	,n,i,c,o,d,e,t,e,a,m
	,a,r,g,u,v,p,n
	,v,2,r,a,y,f,a,s,t
	,d,a,r,k,t,u,n,n,e,l,v,i,p,1
	,f,r,e,e,v,p,n,c,h,i,n,a
	,v,2,r,a,y,_,s,w,h,i,l
	,l,i,g,h,t,v,2,r,a,y
	,e,u,t,_,v,p,n
	,f,r,e,e,l,a,n,d,8
	,s,h,a,h,b,a,a,b,a
	,f,i,l,b,a,r,_,c,h,a,n,n,e,l
	,e,a,s,y,_,f,r,e,e,_,v,p,n
	,v,2,_,t,e,a,m
	,v,p,n,_,k,a,m,y,a,b
	,h,a,c,k,_,t,e,a,m
	,v,p,n,s,t,a,b,l,e
	,f,e,r,e,e,_,v,2,r,a,y
	,d,a,r,y,a,y,e,_,s,o,r,k,h,h
	,v,2,m,y,s,t,e,r,y
	,i,r,a,n,i,v,2,r,a,y
	,n,i,m,_,v,p,n,_,i,r
	,d,i,g,i,v,2,r,a,y
	,f,i,l,t,e,r,z,a,p,a,t,a
	,a,b,o,l,f,a,z,l,h,a,c,k,r
	,a,r,t,e,m,i,s,v,p,n,1
	,r,e,a,l,i,t,y,_,d,a,i,l,y
	,w,e,s,t,2,r,a,y
	,y,a,n,e,y,_,0,1
	,v,2,r,a,a,y,n,g,c,o,n,f,i,g
	,v,p,n,w,l,f
	,v,2,r,a,y,n,g,_,v,p,n,n
	,k,u,r,d,_,v,2,r,a,y
	,p,e,r,s,i,a,n,v,2,r,a,y,n,g
	,u,c,i,r,a,n,i,r
	,d,a,r,k,v,p,n,p,r,o
	,v,2,r,a,y,_,s,t,r,i,n,g
	,v,2,r,a,y,v,p,n,c,h,a,n,n,e,l
	,v,p,n,c,u,s,t,o,m,i,z,e
	,f,i,x,_,p,r,o,x,y
	,i,r,a,n,v,p,n,n,e,t
	,v,2,r,a,y,c,o,l,l,e,c,t,o,r,d,o,n,a,t,e
	,s,o,l,a,p,s,c,r,y,p,t,o
	,a,v,a,s,h,_,a,m,o,o,z,e,s,h
	,b,a,r,f,y,t,e,x,t
	,a,s,t,r,o,v,p,n,_,i,r
	,v,2,r,a,y,n,g,t,e
	,v,p,n,_,v,2,r,a,y,_,w,i,r,e,g,u,a,r,d
	,v,2,r,a,y,_,n,p,v
	,k,a,f,e,n,g,g
	,v,p,n,_,v,2,v,i,i,p,_,c,h,a,n,n,e,l
	,v,2,r,a,y,_,f,d
	,v,2,r,a,y,v,m,e,s,s
	,l,r,n,b,y,m,a,a
	,w,e,d,v,p,n
	,p,r,o,s,s,h
	,h,a,c,k,e,r,a,n,_,s,o,i,b,e,r,i
	,j,e,y,k,s,a,t,a,n
	,f,a,s,t,_,2,r,a,y
	,n,u,f,i,l,t,e,r
	,m,4,d,v,p,n
	,p,r,o,x,y,s,u,d,o
	,v,i,p,_,v,p,n,_,2,0,2,2
	,m,o,f,t,_,v,p,n
	,n,e,t,w,b,i
	,j,o,g,h,d,v,p,n
	,i,r,a,n,m,o,b,_,1
	,a,s,l,i,v,e,e,p,n
	,c,o,d,_,a,r,s,h,i,y,a,_,v,p,n
	,c,o,n,f,i,g,_,v,2,r,a,y
	,c,o,n,f,i,g,m,s
	,n,e,t,_,x,1
	,e,x,p,r,e,s,s,v,p,n,i,p
	,i,r,n,h,a,c,k,e,r,s
	,m,o,v,2,r,a,y
	,v,2,r,a,y,n,g,_,i,m
	,v,p,n,e,p,i,c
	,f,r,e,e,d,a,t,a,z,o,n,e,1
	,p,r,o,x,y,f,o,r,o,p,e,t,a
	,v,2,r,a,y,v,p,n,i,r,a,n,i
	,p,i,a,v,p,n,_,a,c,c,o,u,n,t,_,f,r,e,e
	,d,r,i,b,b,l,e,7
	,f,a,s,t,f,i,l,t,e,r,r
	,t,o,u,c,a,n,_,v,p,n
	,v,p,n,f,r,e,e,s,e,c
	,v,2,r,a,y,h,u,b,v,i,p
	,f,r,e,e,n,e,t
	,p,r,o,x,y,s,t,o,r,e,1,1
	,v,2,r,a,y,n,z
	,s,r,c,v,p,n
	,v,2,r,a,y,y,_,n,a,p,s,t,e,r,n,e,t,v
	,a,l,p,h,a,_,v,2,r,a,y,_,c,o,n,f,i,n,g
	,v,2,r,a,y,_,h,e
	,t,o,p,_,n,e,t,i
	,v,2,m,o,z
	,v,2,r,a,n,g,e
	,f,r,e,e,v,2,r,a,y,m
	,h,t,t,p,s,_,c,o,n,f,i,g,_,i,n,j,e,c,t,o,r
	,v,2,r,a,y,n,g,u,p
	,a,l,p,h,a,w,e,b,n,e,w,s
	,h,a,f,n,e,t,w,o,r,k
	,v,2,r,a,y,_,y,o,u,t,u,b,e
	,t,c,_,v,2,r,a,y
	,p,o,w,e,r,f,u,l,_,v,2,r,a,y,n,g
	,m,t,c,o,n,f,i,g
	,b,l,a,c,k,b,y,t,e
	,f,l,a,s,h,_,p,r,o,x,i,e,s
	,o,u,t,l,i,n,e,v,2,r,a,y,n,g
	,h,o,p,e,_,n,e,t
	,v,2,r,a,y,_,b,e,s,t,_,s,e,r,v,e,r
	,h,e,l,i,x,_,s,e,r,v,e,r,s
	,h,c,v,2,r,a,y
	,c,o,n,f,i,g,s,h,u,b
	,v,p,n,h,o,u,s,e,_,o,f,f,i,c,i,a,l
	,g,o,z,a,r,g,a,h,v,p,n
	,h,a,s,h,m,a,k,n,e,w,s
	,v,m,e,s,s,_,v,l,e,s,s,_,v,2,r,a,y,n,g
	,v,p,l,u,s,v,p,n,_,f,r,e,e
	,v,p,n,_,p,r,o,x,y,_,c,u,s,t,o,m
	,v,p,n,a,n,d,r,o,i,d,2
	,f,r,e,e,p,r,o,x,y,v,2
	,v,2,r,a,y,c,o,l,l,e,c,t,o,r
	,h,a,s,h,m,a,k,v,p,n
	,l,_,a,g,v,p,n,1,3
	,n,e,t,b,o,x,2
	,s,a,v,a,g,e,v,2,r,a,y
	,s,h,a,d,o,w,l,i,n,k,s,e,r,v,e,r,r
	,d,a,r,e,d,e,v,i,l,l,_,4,0,4
	,v,2,a,r,y,n,g,_,v,p,n
	,v,p,n,p,r,o,j,e,c,t,s
	,c,o,n,f,i,g,v,2,r,a,y,n,g,i,l,i,y,a
	,e,l,i,v,2,r,a,y
	,v,2,p,e,d,i,a
	,p,r,r,o,f,i,l,e,_,p,u,r,p,l,e
	,a,r,v,2,r,a,y
	,s,u,d,d,a,e,h,i
	,t,e,l,m,a,v,p,n
	,p,r,o,x,y,s,t,o,r,e,m,t,1,1
	,v,p,n,a,a,z,a,d
	,p,u,b,l,i,c,5,0,4
	,v,2,f,a,s,t,1,0,0
	,n,p,v,t,u,n,e,l
	,b,r,i,g,h,t,_,v,p,n
	,v,p,n,x,y,a,m,_,i,r
	,f,i,l,t,e,r,s,h,e,k,a,n,s,s,h,1
	,n,e,t,a,c,c,o,u,n,t
	,v,2,r,a,y,n,g,_,n,v
	,v,2,r,a,y,n,g,_,v,i,p
	,l,i,g,h,t,c,o,n,n,e,c,t,_,m
	,i,n,t,e,r,n,e,t,4,i,r,a,n
	,v,2,r,a,y,n,g,_,d,a,i,l,y
	,t,h,e,p,a,c,k,a,g,e,c,o,m
	,i,r,a,n,v,2,r,a,y,x
	,c,l,o,u,d,c,i,t,y,y
	,o,u,t,l,i,n,e,i,r,a,n
	,m,e,l,i,_,p,r,o,x,y,y
	,m,e,l,o,v,2,r,a,y
	,p,r,o,x,y,_,f,r,e,e,l
	,v,2,r,a,y,n,g,f,r,e,e,e
	,o,r,b,_,i,r,a,n,c,e,l,l
	,f,l,y,v,2,r,a,y
	,a,p,p,l,e,7,v,p,n
	,v,2,r,a,y,n,g,_,c,h,a,n,n,e,l,_,v,p,n
	,k,o,n,f,i,n,g,h,o,b
	,m,s,v,2,r,a,y,n,p
	,b,u,g,f,r,e,e,n,e,t
	,n,o,f,i,l,t,e,r,i,n,g,2
	,q,v,p,n,n
	,h,i,n,a,v,p,n
	,v,2,r,a,x,x
	,z,e,r,o,s,h,o,p,0,0
	,e,h,s,a,w,n,8
	,v,p,n,t,o,w,d,a,y
	,i,m,p,e,r,v,a,s,e,s,s,2
	,f,r,e,e,v,2,r,a,y,i
	,b,o,l,b,o,l,v,p,n
	,z,e,r,o,b,a,i,p,i,a,o
	,v,2,r,a,y,_,t,x,s,h,o,p
	,o,u,t,l,i,n,e,_,i,r
	,k,i,n,s,t,a,_,s,e,r,v,i,c,e
	,a,l,i,r,y,z,e,n
	,o,n,e,c,l,i,c,k,v,p,n,k,e,y,s
	,v,2,f,e,t,c,h
	,a,s,t,e,a,m,v,p,n
	,m,a,z,n,e,t
	,f,r,e,e,v,2,r,a,y,s
	,l,i,m,o,o,t,u,u,r,s,h
	,g,h,_,v,2,r,a,y,n,g
	,m,o,o,n,v,p,n,v,i,p
	,a,s,i,a,f,r,e,e,f,i,r,e
	,f,r,e,e,i,r,a,n,w,e,b
	,l,e,p,i,n,g,s,h,o,p
	,v,2,r,a,y,n,g,1,1,0,n
	,v,2,r,a,y,n,g,_,m,y,2
	,i,r,n,_,v,p,n
	,v,2,r,a,y,n,g,n,i,n,j,a
	,z,a,y,n,_,v,p,n
	,f,i,l,t,e,r,i,n,g,_,6,9
	,v,2,r,a,y,_,d,o,n,y,a
	,v,p,n,p,l,u,s,e,e,_,f,r,e,e
	,p,u,n,i,_,s,h,o,p,_,v,2,r,a,y,n,g
	,v,2,r,a,y,n,g,c,o,n,f,i,n,g,s
	,a,l,o,_,v,2,r,a,y,n,g
	,v,p,n,_,k,a,n,f,i,k
	,h,e,t,z,n,e,r,a,c,c,0,u,n,t
	,d,a,r,k,_,t,e,l,e,c,o,m
	,v,2,r,a,y,_,v,p,n,_,i,r
	,p,o,l,p,r,o,x,y
	,h,e,r,c,u,l,e,s,_,h,a,c,k
	,p,e,r,s,i,a,g,o
	,v,2,r,a,y,_,h,a,j,a,l,w,i
	,m,e,m,b,e,r,0,6,1
	,v,2,r,a,y,n,_,f,r,e,e
	,s,p,e,e,d,e,n,t,_,n,e,t
	,s,e,r,v,e,r,m,o,m,o
	,b,p,j,z,x,2
	,h,o,p,e,v,p,n
	,f,r,e,e,_,v,2,r,a,y,y
	,v,2,r,a,y,n,g,v,p,n,0,8
	,a,m,i,r,o,n,e,t,w,o,r,k
	,r,o,y,a,l,p,i,n,g,_,i,r
	,v,2,r,a,y,z,a
	,v,2,r,a,y,_,g,o,d
	,f,a,l,c,o,n,p,o,l,v,2,r,a,y,n,g
	,m,g,o,d,_,p,i,n,g
	,v,p,n,_,m,i,k,e,y,5
	,p,r,o,x,y,f,n
	,v,2,r,a,y,r,o,z
	,f,r,e,e,_,s,h,e,k,a,n
	,i,c,l,o,u,d,y,s,h,o,p
	,p,r,o,x,y,t,e,l,e,g,r,a,m
	,f,i,l,t,e,r,s,h,e,k,a,n,_,c,h,a,n,n,e,l
	,z,d,y,z,2
	,t,v,c,m,i,n,e,r
	,o,x,n,e,t,_,i,r
	,p,e,w,e,z,a,v,p,n
	,f,r,e,e,f,a,e,r,1,2,3,4
	,h,k,a,a,0
	,o,u,t,l,i,n,e,_,o,n,e,c,l,i,c,k,1
	,d,a,r,k,f,i,i,l,t,e,r
	,v,p,n,v,g
	,h,e,r,m,a,n,o,s,v,p,n
	,s,e,r,v,e,r,s,i,r,a,n,1,1
	,v,m,e,s,s,p,r,o,t,o,c,o,l
	,v,m,e,s,s,i,r,a,n
	,v,2,r,a,y,n,g,_,c,o,o,n,f,i,g
	,k,h,a,b,a,r,m,a,m,e,l,e,k,a,t
	,v,p,n,_,v,2,a
	,i,n,t,e,r,n,e,t,_,c,i,t,y,y
	,a,r,m,o,d,c,h,a,n,n,e,l
	,b,i,r,d,s,e,r,v,e,r
	,v,_,2,r,a,y,n,g,v,p,n
	,v,i,p,v,2,r,e,y
	,k,k,k,k,k,o,a,b,v,b,b,v,b,v,v
	,w,a,t,a,s,h,i,_,v,p,n
	,v,p,n,t,r,t
	,v,2,r,a,y,_,h,u,b,1
	,v,2,r,a,y,n,g,_,c,o,n,f,i,i,n,g,s
	,m,x,v,2,r,a,y
	,v,p,n,s,a,l
	,v,p,n,h,o,m,e,i,r,a,n
	,v,2,r,a,y,_,v,p,n,a,l,f,a
	,d,e,l,i,_,s,e,r,v,e,r,s
	,v,m,e,s,s,k,h,o,d,a,m
	,v,2,r,a,y,s,e,v,e,n
	,t,i,t,a,n,i,o,m,_,o,f,f,i,c,i,a,l
	,p,r,o,x,y,s,t,o,r,e,1,2
	,v,2,r,a,y,w,e,b
	,v,m,e,s,s,_,i,r
	,d,a,t,a,w,o,r,l,d,_,i,r
	,h,a,j,i,m,a,m,a,d,v,p,n
	,f,r,e,e,v,v,2,r,a,y,n,g
	,l,i,o,n,_,c,h,a,n,n,e,l,_,v,p,n
	,t,e,c,h,s,h,i,e,l,d,c,o
	,s,a,s,a,n,_,w,e,b
	,v,2,r,a,y,_,n,o,n,o,a,l
	,a,r,m,o,d,_,i,r,a,n
	,f,r,e,v,2,r,a,y,n,g
	,z,e,d,m,o,d,e,o,n
	,p,r,o,x,y,_,m,t,m
	,s,h,a,d,o,w,s,o,c,k,s,m
	,d,a,o,z,h,a,n,g,6,6,6,6
	,x,r,a,y,p,r,o,x,y
	,v,2,r,a,y,_,n,g,_,3
	,g,l,o,b,a,l,_,n,e,t,_,v,p,n
	,b,l,u,e,s,h,e,k,a,n
	,t,e,c,h,n,o,l,o,g,i,y,i
	,m,t,_,t,e,a,m,_,i,r,a,n
	,s,h,a,d,o,w,s,o,c,k,s,_,s
	,v,2,r,a,y,_,a,l,p,h,a,_,v,i,p
	,v,_,2,r,a,_,y
	,v,2,l,o,g,y
	,v,2,r,a,y,_,v,p,n,1,4
	,v,2,r,a,y,n,g,_,a,c,c,o,u,n,t,_,f,r,e,e
	,h,a,s,s,a,n,_,s,a,b,o,o,r,i,i
	,b,a,i,p,i,a,o,z,e,r,o
	,f,r,e,e,n,e,t,_,f,o,r,_,e,v,e,r,y,o,n,e
	,v,p,n,_,c,l,i,c,k
	,f,r,e,e,i,r,a,n,e,t
	,p,r,o,x,y,f,a,c,t,s
	,v,2,r,a,y,_,c,a,r,t,e,l
	,c,o,n,f,i,g,_,s,t,a,t,i,o,n
	,o,u,t,l,i,n,e,v,p,n,o,f,f,i,c,i,a,l
	,p,r,o,x,y,_,n,e,t,_,m,e,l,i
	,b,u,g,_,v,p,n
	,v,p,n,v,2,s,p,e,e,d
	,f,i,r,e,_,v,p,n,_,c,h,a,n,n,e,l
	,m,r,_,v,p,n,_,8
	,v,p,n,_,a,m,o
	,v,i,p,v,p,n,1,1,0,0,0
	,p,r,o,x,y,_,s,e,v,e,n
	,v,2,r,a,y,_,w,i,z,a,r,d
	,y,u,p,r,o,x,y,t,e,l,e,g,r,a,m
	,i,n,t,e,r,n,e,t,_,n,o,r
	,v,p,n,_,c,o,n,n,e,c,t
	,s,o,u,r,c,e,v,i,p,n
	,b,e,d,0,n,e,m,a,r,z
	,h,t,t,p,c,u,s,t,o,m,l,a,n,d
	,j,i,e,d,i,a,n,f
	,o,r,b,_,d,a,i,l,y
	,v,p,n,p,r,o,s,e,c
	,d,i,g,i,g,a,r,d,_,v,p,n
	,f,a,i,r,_,i,r,_,v,p,n
	,v,p,n,_,v,2,r,a,y,_,v,2,b,o,x
	,m,i,_,p,n,_,o,f,f,i,c,i,a,l
	,t,g,v,p,n,6
	,p,r,o,x,y,y,m,e,l,i,i,i
	,v,i,r,a,n,_,s,e,r,v,i,c,e
	,n,i,t,r,o,v,p,n,e
	,v,2,r,a,y,_,n,g
	,v,2,r,a,y,_,s,h,o,p,_,2
	,v,2,r,a,y,x,d
	,j,i,u,j,i,e,d
	,a,t,v,p,n
	,f,r,e,e,_,h,t,t,p,c,u,s,t,o,m
	,v,2,r,a,y,n,g,p,r,i,v,a,t,e
	,l,e,p,i,n,g,v,p,n
	,v,2,r,a,y,b,e
	,v,p,n,m,a,a,n
	,a,n,i,f,r,e,e,n,e,t
	,p,a,i,n,b,0,y
	,f,r,e,e,v,2,r,a,y,s,s,r
	,a,z,a,r,b,a,y,j,a,b,1
	,d,i,v,a,r,e,_,t,e,l
	,f,r,e,e,4,a,l,l,v,p,n
	,c,o,n,f,i,g,v,2,r,a,y,f,o,r,f,r,e,e
	,c,u,s,t,o,m,_,1,4
	,i,r,a,n,m,e,d,i,c,a,l,v,p,n
	,v,2,r,a,y,_,s,e,v,e,n
	,j,i,e,d,i,a,n,s,s,r
	,n,o,v,i,n,o,l,o,g,y
	,c,f,_,c,l,e,a,n
	,p,1,_,s,t,o,r,e
	,c,i,r,c,l,e,_,v,p,n
	,p,r,i,v,a,t,e,v,p,n,n
	,v,2,r,a,y,r,g
	,f,o,r,w,a,r,d,v,2,r,a,y
	,m,u,s,i,p,l,u,s,1
	,s,a,f,e,n,e,t,_,s,e,r,v,e,r
	,y,a,r,i,t,o,_,m,e,d,i,a
	,v,2,r,a,y,_,8,3
	,i,r,a,n,_,r,a,y
	,v,p,n,v,2,r,a,y,t,o,p
	,v,p,n,y,a,k,u,z,a
	,y,e,k,o,y,e,k,v,p,n
	,u,l,t,r,a,s,u,r,f,_,1,2
	,a,n,t,i,_,p,i,n,g
	,z,e,n,_,c,l,o,u,d
	,i,r,a,n,v,p,n,e,t
	,p,r,o,x,y,8,0,8
	,v,i,p,s,e,r,v,e,r,x
	,m,r,v,2,r,a,y
	,w,x,d,y,6,6,6
	,v,2,r,a,y,s,i,r,a,n
	,o,h,v,p,n
	,a,n,t,i,f,i,l,t,e,r,c,h,v,2
	,v,p,n,f,r,e,e,_,o,u,t,l,i,n,e
	,v,2,_,r,_,a,y,n,g
	,x,v,2,r,a,y,n,g
	,o,u,t,l,i,n,e,v,_,2,r,a,y,n,g
	,v,2,r,a,y,e,s,e,r,v,e,r,s
	,e,i,i,i,m
	,c,l,u,b,_,v,p,n,9
	,f,r,e,e,n,e,t,p,r,o,9,9
	,v,l,e,s,s,_,v,m,e,s,s
	,a,r,t,e,m,i,s,_,v,p,n,_,f,r,e,e
	,v,2,r,a,y,a,r,m,y
	,t,i,m,i,n,g,v,p,n
	,v,p,n,f,r,e,e,a,c,c,o,u,n,t,s
	,v,2,r,a,y,_,o,f,f,i,c,i,a,l
	,h,e,l,g,a,_,v,2,r,a,y
	,f,r,e,v,2,r,a,y
	,v,2,r,a,y,p,r,o,o,o
	,v,2,r,a,y,_,c,u,s,t,o,m
	,v,p,n,h,u,b,6,9
	,c,o,n,f,i,g,p,o,s,i,t,i,v,e,f,r,e,e
	,k,r,a,l,v,p,n
	,l,o,c,k,e,y,_,v,p,n
	,v,2,r,a,y,t,u,r,b,o
	,v,p,n,s,h,e,c,a,n
	,a,p,m,o,d,e,_,i,r
	,v,2,r,a,y,_,r,e,a,l,i,t,y,_,n,e,w
	,v,p,n,p,o,p,u,l,a,r,2,0,2,3
	,p,r,o,x,i,t,e,i,e,g,r,a,m
	,v,p,n,p,l,u,s,e,e
	,d,a,m,o,n,c,o,n,f,i,g
	,d,e,a,m,n,e,t
	,p,_,t,e,c,h,2,0,2,4
	,w,x,g,m,r,j,d,c,c
	,f,r,e,a,k,c,o,n,f,i,g
	,g,a,m,e,_,f,i,l,e,2,0,2,0
	,f,i,r,e,_,v,p,n,_,c,h,a,n,n,e
	,v,i,s,t,a,v,2,r,a,y
	,c,u,s,t,o,m,v,p,n,s,e,r,v,e,r
	,f,u,n,z,a
	,p,r,o,x,y,s,t,o,r,e,6,6,6
	,f,r,e,e,c,o,n,f,i,g,v,2
	,h,e,l,a,n,e,t
	,v,i,p,v,p,n,i,r,a,n,1
	,v,2,r,a,y,n,_,o,p,e,n,a,v,p,n
	,w,e,b,s,h,e,c,a,n
	,v,2,r,a,y,y,_,v,p,n,1,3
	,v,p,n,z,z,o
	,a,l,i,s,m,a,r,t,v,p,n
	,n,e,w,_,m,t,p,r,o,x,i,2
	,f,r,e,e,v,p,n,p,r,o,x,y,c,u,s,t,o,m
	,v,2,r,a,y,_,t,o
	,m,d,v,p,n,s,e,c
	,v,i,p,v,2,r,a,y,v,i,p
	,l,v,2,r,a,y,_,b,o,x,l
	,v,2,r,a,y,_,i,l,a,m
	,f,v,2,r,a,y
	,m,s,v,2,f,l,y,n,g
	,k,i,n,g,_,o,f,_,v,2,r,a,y,n,g
	,v,m,e,s,s,_,i,r,a,n
	,v,l,e,s,s,c,o,n,f,i,g
	,v,2,g,r,a,p,h,y
	,v,p,n,_,m,i,k,e,y
	,v,2,r,r,a,y,1,_,n,g
	,w,e,e,p,e,e,n
	,v,b,o,x,7,7,8
	,e,v,e,r,y,d,a,y,_,v,p,n
	,w,o,m,a,n,l,i,f,e,f,r,e,e,d,o,m,1,3
	,g,p,_,p,r,o,x,y,_,v,p,n
	,s,p,i,k,e,v,p,n
	,v,2,r,y,o,r,g
	,z,i,b,a,n,a,b,z
	,v,p,n,m,o,b,i,l,e,1
	,v,p,n,f,a,i,l,_,v,2,r,a,y
	,v,p,n,_,s,h,o,p,_,v,1
	,v,2,r,a,y,_,v,m,e,s,s,_,f,r,e,e
	,m,r,v,2,r,a,a,y
	,d,g,n,m,t,_,s,e,r,v,e,r,s
	,v,2,r,a,y,n,_,s,e,r,v,e,r
	,v,2,r,e,y,y
	,f,r,e,e,1,_,v,p,n
	,x,2,r,a,y,_,t,e,a,m
	,c,l,i,c,k,_,v,p,n,n
	,v,2,r,a,y,n,g,_,4,1
	,x,z,v,2,r,a,y
	,g,h,a,c,h,v,p,n
	,n,i,t,r,o,s,e,r,v,e,r,_,i,r
	,f,o,x,r,a,y,i,r,a,n
	,g,h,a,l,a,g,y,a,n,n
	,p,r,o,x,y,c,i,t,y,i,r,a,n
	,p,i,n,k,p,o,t,a,t,o,c,l,o,u,d
	,f,e,l,i,n,e,v,p,n
	,a,m,o,z,e,s,t,a,m,i,r,a,t,m,o,b,i,l,e,i
	,i,r,a,n,_,v,2,r,a,y,1
	,v,2,r,a,a,_,s,e,r,v,e,r
	,v,p,n,s,h,o,p,1,2,6
	,x,r,a,y,z,x,n
	,v,2,r,a,y,_,n,e,w
	,v,_,2,r,_,a,y
	,v,p,n,s,e,r,v,e,r,r,r
	,m,a,h,a,n,v,p,n
	,p,e,r,v,2,r,a,y
	,l,i,b,e,r,t,y,c,o,n,f,i,g
	,v,2,r,a,y,_,v,p,n,i,r
	,v,2,r,a,y,_,a,l,p,h,a
	,v,2,r,a,y,n,g,_,v,p,n
	,d,a,r,k,7,w,e,b,_,n,e,w,s
	,v,m,e,s,s,o,r,g
	,i,r,a,n,c,p,i,_,v,p,n
	,p,r,o,x,y,_,s,p
	,n,e,t,f,r,e,e,d,o,m,0
	,i,r,_,n,e,k,o,b,o,x
	,p,r,o,x,y,d,a,e,m,i,o,u,t,l,i,n,e
	,a,l,p,h,a,_,v,2,r,a,y,_,f,a,z,a,y,i
	,z,y,f,x,l,n,n
	,n,e,t,w,o,r,k,n,i,m
	,p,r,o,x,y,4,8
	,v,2,r,a,y,t,z
	,n,o,v,a,v,p,n,1,9,8,4
	,v,2,r,a,y,n,g,_,1,4,7
	,k,u,r,d,i,s,t,a,n,_,v,p,n,_,p,e,r,f,e,c,t,t
	,c,o,n,f,i,g,p,o,s,i,t,i,v,e
	,a,m,i,r,t,e,c,h,n,o,_,s,e,r,v,i,c,e
	,v,2,r,a,y,b,x
	,c,i,t,y,n,e,t,w,o,r,k,_,n,e,w,s
	,v,2,r,a,y,n,g,_,i,p
	,m,p,m,e,h,i
	,k,h,o,d,e,h,_,h,a,j,i,t,a,h,a
	,k,i,l,i,d,_,s,t,o,r
	,f,r,e,e,_,v,2
	,v,l,e,s,s,0,2,1
	,w,e,b,h,u,b,e
	,n,e,x,n,e,t,w,o,r,k,s
	,n,e,t,c,l,l,u,b
	,v,p,n,c,o,n,e,c,t,d
	,x,s,v,2,r,a,y
	,f,r,e,e,_,v,p,n,0,2
	,c,p,u,v,p,n
	,m,e,h,r,o,s,a,b,o,r,a,n
	,p,r,o,x,s,i,a,r,s,h,a,d
	,v,2,r,a,y,n,g,_,n,v,v,p,n
	,v,p,n,w,e,d,b,a,z
	,a,r,c,h,i,v,e,_,a,n,d,r,o,i,d
	,b,u,f,f,a,l,o,_,v,p,n
	,v,2,r,a,y,c,h,a,n,n,e,l
	,v,2,r,a,y,f,a
	,s,v,n,t,e,a,m
	,c,a,s,t,o,m,_,v,2,r,a,y
	,d,e,r,a,g,v,2,r,a,y
	,m,t,_,p,r,o,x,y
	,v,l,e,e,s,_,v,2,r,a,y,n,g
	,a,n,t,i,f,i,l,t,e,r,c,h
	,r,a,y,v,p,s
	,a,r,i,e,s,_,i,n,i,t
	,s,o,u,q,u,n,8,8,1,6
	,v,2,r,e,z
	,x,i,v,2,r,a,y
	,v,2,r,a,y,n,g,c,l,o,u,d
	,j,o,k,e,r,v,2,r,a,y
	,v,2,r,a,y,v,l,p
	,c,a,n,g,u,r,o,_,e,n,g,l,i,s,h
	,d,i,r,e,c,t,v,p,n
	,k,u,t,o,p,r,o,x,y,y
	,b,a,i,p,i,a,o,w,a,n,s,u,i
	,f,r,e,e,_,v,2,r,a,y,y,y
	,v,p,n,l,i,m,e
	,f,a,l,c,u,n,a,r,g,o
	,i,r,a,n,_,a,c,c,e,s,s
	,v,2,r,a,y,_,o,n,e,1
	,l,e,g,e,n,d,e,r,y,_,s,e,r,v,e,r,s
	,c,o,n,f,i,g,s,s,t,o,r,e
	,v,2,r,a,y,s,h,o,p,_,m
	,g,a,l,a,x,y,_,v,p,n,s
	,m,t,p,r,o,x,y,_,l,i,s,t,s
	,d,r,v,p,n,i,r
	,s,h,a,d,o,w,p,r,o,x,y,6,6
	,i,r,v,p,n,i,f,y
	,p,a,r,o,x,v,p,n
	,a,q,v,2,r,a,y
	,c,a,p,o,i,t
	,n,o,f,i,l,t,e,r,_,v,2,r,a,y,n,g
	,v,o,r,t,e,x,i,r,n
	,x,i,v,p,n
	,v,2,r,a,y,n,g,_,c,o,n,f,i,g,_,a,m,i,n
	,f,s,v,2,r,a,y
	,n,e,t,_,p,l,u,s,1
	,n,a,p,s,t,e,r,n,e,t,v,i,r,a,n,i
	,p,r,o,v,2,r,a,y,x
	,g,a,r,n,e,t,_,f,r,e,e
	,t,i,t,a,n,_,v,2,r,a,y,v,p,n
	,t,e,h,r,a,n,a,r,g,o
	,p,r,o,x,y,_,p,j
	,n,t,_,s,a,f,e
	,v,2,r,a,y,n,g,_,f,a,2
	,f,u,n,i,x,_,s,h,o,p,e
	,v,p,n,_,v,2,r,a,y,n,g,_,g,a,p
	,j,u,z,i,b,a,i,p,i,a,o
	,c,o,d,m,_,h,t,t,p
	,f,o,x,n,t
	,s,h,h,_,p,r,o,x,y
	,a,z,a,d,n,e,i,t
	,m,s,v,2,r,a,y
	,v,2,r,a,y,n,g,3
	,m,f,j,d,p,d
	,k,a,f,i,n,g,_,2
	,v,p,n,_,v,2,r,a,_,n,g
	,m,i,y,a,n,b,o,r,_,v,p,n
	,k,h,o,n,e,p,r,o,x,y
	,v,2,r,a,y,n,g,_,v
	,x,t,l,s,x,r,a,y
	,s,e,r,v,e,r,4,4,4
	,q,e,s,h,m,s,e,r,v,e,r
